{
    "Arteries": {
        "A": {
            "Secteurs": {
                "wpr": {
                    "T": 6.0,
                    "N": 11.0,
                    "E": 3.0,
                    "S": 5.0,
                    "W": 3.0
                },
                "vzr": {
                    "T": 100.0,
                    "N": 100.0,
                    "E": 100.0,
                    "S": 100.0,
                    "W": 100.0
                }
            },
            "Calibre": {
                "meanCaliberFC_A_Arteries": 4.713497231897959,
                "sdCaliberFC_A_Arteries": 1.9773078367593706,
                "meanBigXCaliberFC_A_Arteries": 4.713497231897959,
                "sdBigXCaliberFC_A_Arteries": 1.9773078367593706,
                "nbXFC_A_Arteries": 3.0,
                "meanCaliberFull_A_Arteries": 6.817647861294109,
                "sdCaliberFull_A_Arteries": 3.5781519914839834,
                "meanBigXCaliberFull_A_Arteries": 8.167974926169924,
                "sdBigXCaliberFull_A_Arteries": 3.0153852195347097,
                "nbXFull_A_Arteries": 6.0
            },
            "Topologie": {
                "fractalDim_A_Arteries": 0.9664297483496164,
                "nbCC_A_Arteries": 8.0,
                "area_A_Arteries": 3041.0,
                "areaSkeleton_A_Arteries": 468.0
            },
            "Points_critiques": {
                "nbEndP_A_Arteries": 17.0,
                "nbCrossP_A_Arteries": 1.0
            },
            "Tortuosite": {}
        },
        "B": {
            "Secteurs": {
                "wpr": {
                    "T": 4.0,
                    "N": 11.0,
                    "E": 1.0,
                    "S": 4.0,
                    "W": 3.0
                },
                "vzr": {
                    "T": 100.0,
                    "N": 100.0,
                    "E": 100.0,
                    "S": 100.0,
                    "W": 100.0
                }
            },
            "Calibre": {
                "meanCaliberFC_B_Arteries": 5.016989773511512,
                "sdCaliberFC_B_Arteries": 1.2812646945238169,
                "meanBigXCaliberFC_B_Arteries": 5.016989773511512,
                "sdBigXCaliberFC_B_Arteries": 1.2812646945238169,
                "nbXFC_B_Arteries": 6.0,
                "meanCaliberFull_B_Arteries": 5.5564271902057865,
                "sdCaliberFull_B_Arteries": 2.7842301557806874,
                "meanBigXCaliberFull_B_Arteries": 6.31583172190675,
                "sdBigXCaliberFull_B_Arteries": 2.237646186146487,
                "nbXFull_B_Arteries": 6.0
            },
            "Topologie": {
                "fractalDim_B_Arteries": 1.0137450511073023,
                "nbCC_B_Arteries": 7.0,
                "area_B_Arteries": 4062.0,
                "areaSkeleton_B_Arteries": 563.0
            },
            "Points_critiques": {
                "nbEndP_B_Arteries": 14.0,
                "nbCrossP_B_Arteries": 2.0
            },
            "Tortuosite": {}
        },
        "C": {
            "Secteurs": {
                "wpr": {
                    "T": 4.0,
                    "N": 5.0,
                    "E": 1.0,
                    "S": 6.0,
                    "W": 4.0
                },
                "vzr": {
                    "T": 92.0,
                    "N": 70.0,
                    "E": 56.0,
                    "S": 69.0,
                    "W": 76.0
                }
            },
            "Calibre": {
                "meanCaliberFC_C_Arteries": 4.842248539125734,
                "sdCaliberFC_C_Arteries": 1.2768659422665578,
                "meanBigXCaliberFC_C_Arteries": 4.842248539125734,
                "sdBigXCaliberFC_C_Arteries": 1.2768659422665578,
                "nbXFC_C_Arteries": 6.0,
                "meanCaliberFull_C_Arteries": 8.037872126808757,
                "sdCaliberFull_C_Arteries": 9.08903553498504,
                "meanBigXCaliberFull_C_Arteries": 10.658922552360423,
                "sdBigXCaliberFull_C_Arteries": 10.07714328276789,
                "nbXFull_C_Arteries": 6.0
            },
            "Topologie": {
                "fractalDim_C_Arteries": 1.2652768610376426,
                "nbCC_C_Arteries": 9.0,
                "area_C_Arteries": 13402.0,
                "areaSkeleton_C_Arteries": 1912.0
            },
            "Points_critiques": {
                "nbEndP_C_Arteries": 25.0,
                "nbCrossP_C_Arteries": 9.0
            },
            "Tortuosite": {}
        },
        "Out": {
            "Secteurs": {
                "wpr": {
                    "T": 4.0,
                    "N": 4.0,
                    "E": 4.0,
                    "S": 4.0,
                    "W": 4.0
                },
                "vzr": {
                    "T": 100.0,
                    "N": 100.0,
                    "E": 100.0,
                    "S": 100.0,
                    "W": 100.0
                }
            },
            "Calibre": {
                "meanCaliberFC_Out_Arteries": 3.8759809568949772,
                "sdCaliberFC_Out_Arteries": 2.4376340165915984,
                "meanBigXCaliberFC_Out_Arteries": 5.792351993690254,
                "sdBigXCaliberFC_Out_Arteries": 1.5888830962168912,
                "nbXFC_Out_Arteries": 6.0,
                "meanCaliberFull_Out_Arteries": 3.6658326326358743,
                "sdCaliberFull_Out_Arteries": 1.8533289422145305,
                "meanBigXCaliberFull_Out_Arteries": 4.554304504509367,
                "sdBigXCaliberFull_Out_Arteries": 1.6648572826916839,
                "nbXFull_Out_Arteries": 6.0
            },
            "Topologie": {
                "fractalDim_Out_Arteries": 1.4080696896751044,
                "nbCC_Out_Arteries": 9.0,
                "area_Out_Arteries": 23528.0,
                "areaSkeleton_Out_Arteries": 4079.0
            },
            "Points_critiques": {
                "nbEndP_Out_Arteries": 48.0,
                "nbCrossP_Out_Arteries": 36.0
            },
            "Tortuosite": {}
        },
        "All": {
            "Secteurs": {
                "wpr": {
                    "T": 4.0,
                    "N": 4.0,
                    "E": 4.0,
                    "S": 4.0,
                    "W": 4.0
                },
                "vzr": {
                    "T": 100.0,
                    "N": 100.0,
                    "E": 100.0,
                    "S": 100.0,
                    "W": 100.0
                }
            },
            "Calibre": {
                "meanCaliberFC_All_Arteries": 4.266250927219721,
                "sdCaliberFC_All_Arteries": 1.6799183029325697,
                "meanBigXCaliberFC_All_Arteries": 4.266250927219721,
                "sdBigXCaliberFC_All_Arteries": 1.6799183029325697,
                "nbXFC_All_Arteries": 3.0,
                "meanCaliberFull_All_Arteries": 5.355364986396205,
                "sdCaliberFull_All_Arteries": 1.3332781081547984,
                "meanBigXCaliberFull_All_Arteries": 5.9720181800598064,
                "sdBigXCaliberFull_All_Arteries": 0.8296437928077149,
                "nbXFull_All_Arteries": 6.0
            },
            "Topologie": {
                "fractalDim_All_Arteries": 1.4967382350670908,
                "nbCC_All_Arteries": 8.0,
                "area_All_Arteries": 39971.0,
                "areaSkeleton_All_Arteries": 6459.0,
                "maxDepth_All_Arteries": 4.0,
                "residualState_All_Arteries": "completed"
            },
            "Points_critiques": {
                "nbEndP_All_Arteries": 57.0,
                "nbCrossP_All_Arteries": 46.0
            },
            "Tortuosite": {
                "meanSiTort_All_Arteries": 1.0037730410197976,
                "sdSiTort_All_Arteries": 0.021083099614241246,
                "maxSiTort_All_Arteries": 1.25,
                "meanCuTort_All_Arteries": 0.26044841128640156,